original,https://www.themoviedb.org/t/p/w500/8d3Ip56n9AmewrZjsPicmHeU7bR.jpg,Oh My Kadavulea,2021,2hr 40min,https://drive.google.com/file/d/1hbCsw1pwuFVKq2Gfb1N_LWQRqDtBDOrq/preview,In 1975 in Tamil Nadu India an unlikely filmmaker and a dangerous gangster collaborate to make a Western movie.<br /><br />Cast: Raghavendra Lawrence  S. J. Suryah
original,https://i.pinimg.com/originals/52/e0/8a/52e08ad82f583b4a6cb5eb5dca09ecf1.jpg,Jailer,2023,2hr 40min,https://drive.google.com/file/d/12Nho0Eq5WsAs6eRiehnfNEX20W3cn_dC/preview,In 1975 in Tamil Nadu India an unlikely filmmaker and a dangerous gangster collaborate to make a Western movie.<br /><br />Cast: Raghavendra Lawrence  S. J. Suryah
original,https://wallpapercave.com/wp/wp12914440.jpg,Mark Antony,2021,2hr 40min,https://drive.google.com/file/d/14lpIOYiumhEZjlJWkbZQNPK3p0gQeKQj/preview,In 1975 in Tamil Nadu India an unlikely filmmaker and a dangerous gangster collaborate to make a Western movie.<br /><br />Cast: Raghavendra Lawrence  S. J. Suryah
original,https://m.media-amazon.com/images/M/MV5BNjUzZmFjZWQtZTVkNi00ZjY0LWEwNTUtOTZiMjdmYTBmZGQxXkEyXkFqcGdeQXVyMTUyNjIwMDEw._V1_.jpg,Jigardhanda Double,2021,2hr 40min,https://drive.google.com/file/d/1DZZqYrgbAOPbcZL1cn-sDh4Fzb1iR13E/preview,In 1975 in Tamil Nadu India an unlikely filmmaker and a dangerous gangster collaborate to make a Western movie.<br /><br />Cast: Raghavendra Lawrence  S. J. Suryah
original,https://static.moviecrow.com/gallery/20230714/217408-DD.jpeg,DD Return,2021,2hr 40min,https://drive.google.com/file/d/1-5L8sEtbfvDuxWuzfFFfIzYNi2gqNzOp/preview,In 1975 in Tamil Nadu India an unlikely filmmaker and a dangerous gangster collaborate to make a Western movie.<br /><br />Cast: Raghavendra Lawrence  S. J. Suryah
original,https://i.pinimg.com/originals/71/8d/a1/718da1cd6d679eaf94e2ac5f88805038.jpg,Moonu,2021,2hr 40min,https://drive.google.com/file/d/11_PKwnyzGoa_Sn4pblAQ5IaGnrXzutc-/preview,In 1975 in Tamil Nadu India an unlikely filmmaker and a dangerous gangster collaborate to make a Western movie.<br /><br />Cast: Raghavendra Lawrence  S. J. Suryah
original,https://i.pinimg.com/originals/1e/db/32/1edb32d76c015aeb76dbf5e0f9d48b6d.jpg,Maaveeran,2021,2hr 40min,https://drive.google.com/file/d/1hjWpRJRXu6OVKTe8MPNzVkuoTQmNwLTW/preview,In 1975 in Tamil Nadu India an unlikely filmmaker and a dangerous gangster collaborate to make a Western movie.<br /><br />Cast: Raghavendra Lawrence  S. J. Suryah
original,https://akm-img-a-in.tosshub.com/indiatoday/images/story/201406/dhanush_storysize_650_061914032701.jpg,Velai Illa Pattathari,2021,2hr 40min,https://drive.google.com/file/d/1CZoGLctspQ9K31IwVbpIrTJ5sChFc-5Z/preview,In 1975 in Tamil Nadu India an unlikely filmmaker and a dangerous gangster collaborate to make a Western movie.<br /><br />Cast: Raghavendra Lawrence  S. J. Suryah


trending,https://www.moviesavailableon.com/Images/movies/ohmy_kadavule_t.jpg,Velai pakura padathari,2021,2hr 40min,https://drive.google.com/file/d/1hbCsw1pwuFVKq2Gfb1N_LWQRqDtBDOrq/preview,In 1975 in Tamil Nadu India an unlikely filmmaker and a dangerous gangster collaborate to make a Western movie.<br /><br />Cast: Raghavendra Lawrence  S. J. Suryah
trending,https://i.ytimg.com/vi/1F3hm6MfR1k/maxresdefault.jpg,Velai Illa Pattathari,2021,2hr 40min,https://drive.google.com/file/d/14lpIOYiumhEZjlJWkbZQNPK3p0gQeKQj/preview,In 1975 in Tamil Nadu India an unlikely filmmaker and a dangerous gangster collaborate to make a Western movie.<br /><br />Cast: Raghavendra Lawrence  S. J. Suryah
trending,https://i.ytimg.com/vi/Dg8X7SZ_4bs/maxresdefault.jpg,Velai Illa Pattathari,2021,2hr 40min,https://drive.google.com/file/d/1hjWpRJRXu6OVKTe8MPNzVkuoTQmNwLTW/preview,In 1975 in Tamil Nadu India an unlikely filmmaker and a dangerous gangster collaborate to make a Western movie.<br /><br />Cast: Raghavendra Lawrence  S. J. Suryah
trending,https://www.hindustantimes.com/ht-img/img/2023/11/08/550x309/jigar_1699450553224_1699450559648.jpg,Velai Illa Pattathari,2021,2hr 40min,https://drive.google.com/file/d/1-5L8sEtbfvDuxWuzfFFfIzYNi2gqNzOp/preview,In 1975 in Tamil Nadu India an unlikely filmmaker and a dangerous gangster collaborate to make a Western movie.<br /><br />Cast: Raghavendra Lawrence  S. J. Suryah
trending,https://i.ytimg.com/vi/7MnPeSmDoiE/maxresdefault.jpg,DD return,2021,2hr 40min,https://drive.google.com/file/d/1-5L8sEtbfvDuxWuzfFFfIzYNi2gqNzOp/preview,In 1975 in Tamil Nadu India an unlikely filmmaker and a dangerous gangster collaborate to make a Western movie.<br /><br />Cast: Raghavendra Lawrence  S. J. Suryah
trending,https://images-na.ssl-images-amazon.com/images/S/pv-target-images/fed1f1edaa1d5f970cc33ad63bcccef2fad0f3dd7f2960c94dbf9dcbfd24ef8e._UY500_UX667_RI_TTW_.jpg,Velai Illa Pattathari,2021,2hr 40min,https://drive.google.com/file/d/1CZoGLctspQ9K31IwVbpIrTJ5sChFc-5Z/preview,In 1975 in Tamil Nadu India an unlikely filmmaker and a dangerous gangster collaborate to make a Western movie.<br /><br />Cast: Raghavendra Lawrence  S. J. Suryah
trending,https://i.ytimg.com/vi/FUX1T5IYcRk/maxresdefault.jpg,Velai Illa Pattathari,2021,2hr 40min,https://drive.google.com/file/d/14lpIOYiumhEZjlJWkbZQNPK3p0gQeKQj/preview,In 1975 in Tamil Nadu India an unlikely filmmaker and a dangerous gangster collaborate to make a Western movie.<br /><br />Cast: Raghavendra Lawrence  S. J. Suryah
trending,https://m.media-amazon.com/images/S/pv-target-images/059ec6d3e52ee5e84712fc9b779066d8ac0f06ee2c84c2dfa3eb2e164d78bb53.jpg,Velai Illa Pattathari,2021,2hr 40min,https://drive.google.com/file/d/12Nho0Eq5WsAs6eRiehnfNEX20W3cn_dC/preview,In 1975 in Tamil Nadu India an unlikely filmmaker and a dangerous gangster collaborate to make a Western movie.<br /><br />Cast: Raghavendra Lawrence  S. J. Suryah


imgurl,https://m.media-amazon.com/images/S/pv-target-images/059ec6d3e52ee5e84712fc9b779066d8ac0f06ee2c84c2dfa3eb2e164d78bb53.jpg,Oh my kadavulea,2021,2hr 40min,https://drive.google.com/file/d/1hbCsw1pwuFVKq2Gfb1N_LWQRqDtBDOrq/preview,In 1975 in Tamil Nadu India an unlikely filmmaker and a dangerous gangster collaborate to make a Western movie.<br /><br />Cast: Raghavendra Lawrence  S. J. Suryah
imgurl,https://i.ytimg.com/vi/FUX1T5IYcRk/maxresdefault.jpg,Moonu,2021,2hr 40min,https://drive.google.com/file/d/14lpIOYiumhEZjlJWkbZQNPK3p0gQeKQj/preview,In 1975 in Tamil Nadu India an unlikely filmmaker and a dangerous gangster collaborate to make a Western movie.<br /><br />Cast: Raghavendra Lawrence  S. J. Suryah
imgurl,https://images-na.ssl-images-amazon.com/images/S/pv-target-images/fed1f1edaa1d5f970cc33ad63bcccef2fad0f3dd7f2960c94dbf9dcbfd24ef8e._UY500_UX667_RI_TTW_.jpg,Moonu,2021,2hr 40min,https://drive.google.com/file/d/11_PKwnyzGoa_Sn4pblAQ5IaGnrXzutc-/preview,In 1975 in Tamil Nadu India an unlikely filmmaker and a dangerous gangster collaborate to make a Western movie.<br /><br />Cast: Raghavendra Lawrence  S. J. Suryah
imgurl,https://i.ytimg.com/vi/7MnPeSmDoiE/maxresdefault.jpg,Oh My kadavulea,2021,2hr 40min,https://drive.google.com/file/d/1hbCsw1pwuFVKq2Gfb1N_LWQRqDtBDOrq/preview,In 1975 in Tamil Nadu India an unlikely filmmaker and a dangerous gangster collaborate to make a Western movie.<br /><br />Cast: Raghavendra Lawrence  S. J. Suryah
imgurl,https://www.hindustantimes.com/ht-img/img/2023/11/08/550x309/jigar_1699450553224_1699450559648.jpg,Moonu,2021,2hr 40min,https://drive.google.com/file/d/11_PKwnyzGoa_Sn4pblAQ5IaGnrXzutc-/preview,In 1975 in Tamil Nadu India an unlikely filmmaker and a dangerous gangster collaborate to make a Western movie.<br /><br />Cast: Raghavendra Lawrence  S. J. Suryah
imgurl,https://i.ytimg.com/vi/Dg8X7SZ_4bs/maxresdefault.jpg,Moonu,2021,2hr 40min,https://drive.google.com/file/d/14lpIOYiumhEZjlJWkbZQNPK3p0gQeKQj/preview,In 1975 in Tamil Nadu India an unlikely filmmaker and a dangerous gangster collaborate to make a Western movie.<br /><br />Cast: Raghavendra Lawrence  S. J. Suryah
imgurl,https://i.ytimg.com/vi/1F3hm6MfR1k/maxresdefault.jpg,Moonu,2021,2hr 40min,https://drive.google.com/file/d/14lpIOYiumhEZjlJWkbZQNPK3p0gQeKQj/preview,In 1975 in Tamil Nadu India an unlikely filmmaker and a dangerous gangster collaborate to make a Western movie.<br /><br />Cast: Raghavendra Lawrence  S. J. Suryah
imgurl,https://www.moviesavailableon.com/Images/movies/ohmy_kadavule_t.jpg,Moonu,2021,2hr 40min,https://drive.google.com/file/d/14lpIOYiumhEZjlJWkbZQNPK3p0gQeKQj/preview,In 1975 in Tamil Nadu India an unlikely filmmaker and a dangerous gangster collaborate to make a Western movie.<br /><br />Cast: Raghavendra Lawrence  S. J. Suryah


newarrival,https://www.themoviedb.org/t/p/w500/8d3Ip56n9AmewrZjsPicmHeU7bR.jpg,Oh My Kadavulea,2021,2hr 40min,https://drive.google.com/file/d/11_PKwnyzGoa_Sn4pblAQ5IaGnrXzutc-/preview,In 1975 in Tamil Nadu India an unlikely filmmaker and a dangerous gangster collaborate to make a Western movie.<br /><br />Cast: Raghavendra Lawrence  S. J. Suryah
newarrival,https://i.pinimg.com/originals/52/e0/8a/52e08ad82f583b4a6cb5eb5dca09ecf1.jpg,Jailer,2023,2hr 40min,https://drive.google.com/file/d/14lpIOYiumhEZjlJWkbZQNPK3p0gQeKQj/preview,In 1975 in Tamil Nadu India an unlikely filmmaker and a dangerous gangster collaborate to make a Western movie.<br /><br />Cast: Raghavendra Lawrence  S. J. Suryah
newarrival,https://wallpapercave.com/wp/wp12914440.jpg,Mark Antony,2021,2hr 40min,https://drive.google.com/file/d/14lpIOYiumhEZjlJWkbZQNPK3p0gQeKQj/preview,In 1975 in Tamil Nadu India an unlikely filmmaker and a dangerous gangster collaborate to make a Western movie.<br /><br />Cast: Raghavendra Lawrence  S. J. Suryah
newarrival,https://m.media-amazon.com/images/M/MV5BNjUzZmFjZWQtZTVkNi00ZjY0LWEwNTUtOTZiMjdmYTBmZGQxXkEyXkFqcGdeQXVyMTUyNjIwMDEw._V1_.jpg,Jigardhanda Double,2021,2hr 40min,https://drive.google.com/file/d/12Nho0Eq5WsAs6eRiehnfNEX20W3cn_dC/preview,In 1975 in Tamil Nadu India an unlikely filmmaker and a dangerous gangster collaborate to make a Western movie.<br /><br />Cast: Raghavendra Lawrence  S. J. Suryah
newarrival,https://static.moviecrow.com/gallery/20230714/217408-DD.jpeg,DD Return,2021,2hr 40min,https://drive.google.com/file/d/11_PKwnyzGoa_Sn4pblAQ5IaGnrXzutc-/preview,In 1975 in Tamil Nadu India an unlikely filmmaker and a dangerous gangster collaborate to make a Western movie.<br /><br />Cast: Raghavendra Lawrence  S. J. Suryah
newarrival,https://i.pinimg.com/originals/71/8d/a1/718da1cd6d679eaf94e2ac5f88805038.jpg,Moonu,2021,2hr 40min,https://drive.google.com/file/d/1hjWpRJRXu6OVKTe8MPNzVkuoTQmNwLTW/preview,In 1975 in Tamil Nadu India an unlikely filmmaker and a dangerous gangster collaborate to make a Western movie.<br /><br />Cast: Raghavendra Lawrence  S. J. Suryah
newarrival,https://i.pinimg.com/originals/1e/db/32/1edb32d76c015aeb76dbf5e0f9d48b6d.jpg,Maaveeran,2021,2hr 40min,https://drive.google.com/file/d/1CZoGLctspQ9K31IwVbpIrTJ5sChFc-5Z/preview,In 1975 in Tamil Nadu India an unlikely filmmaker and a dangerous gangster collaborate to make a Western movie.<br /><br />Cast: Raghavendra Lawrence  S. J. Suryah


popular,https://www.moviesavailableon.com/Images/movies/ohmy_kadavule_t.jpg,Hello,2021,2hr 40min,https://drive.google.com/file/d/1hbCsw1pwuFVKq2Gfb1N_LWQRqDtBDOrq/preview,In 1975 in Tamil Nadu India an unlikely filmmaker and a dangerous gangster collaborate to make a Western movie.<br /><br />Cast: Raghavendra Lawrence  S. J. Suryah
popular,https://i.ytimg.com/vi/1F3hm6MfR1k/maxresdefault.jpg,Velai Illa Pattathari,2021,2hr 40min,https://drive.google.com/file/d/1hjWpRJRXu6OVKTe8MPNzVkuoTQmNwLTW/preview,In 1975 in Tamil Nadu India an unlikely filmmaker and a dangerous gangster collaborate to make a Western movie.<br /><br />Cast: Raghavendra Lawrence  S. J. Suryah
popular,https://i.ytimg.com/vi/Dg8X7SZ_4bs/maxresdefault.jpg,Velai Illa Pattathari,2021,2hr 40min,https://drive.google.com/file/d/14lpIOYiumhEZjlJWkbZQNPK3p0gQeKQj/preview,In 1975 in Tamil Nadu India an unlikely filmmaker and a dangerous gangster collaborate to make a Western movie.<br /><br />Cast: Raghavendra Lawrence  S. J. Suryah
popular,https://www.hindustantimes.com/ht-img/img/2023/11/08/550x309/jigar_1699450553224_1699450559648.jpg,Velai Illa Pattathari,2021,2hr 40min,https://drive.google.com/file/d/14lpIOYiumhEZjlJWkbZQNPK3p0gQeKQj/preview,In 1975 in Tamil Nadu India an unlikely filmmaker and a dangerous gangster collaborate to make a Western movie.<br /><br />Cast: Raghavendra Lawrence  S. J. Suryah
popular,https://i.ytimg.com/vi/7MnPeSmDoiE/maxresdefault.jpg,Velai Illa Pattathari,2021,2hr 40min,https://drive.google.com/file/d/14lpIOYiumhEZjlJWkbZQNPK3p0gQeKQj/preview,In 1975 in Tamil Nadu India an unlikely filmmaker and a dangerous gangster collaborate to make a Western movie.<br /><br />Cast: Raghavendra Lawrence  S. J. Suryah
popular,https://images-na.ssl-images-amazon.com/images/S/pv-target-images/fed1f1edaa1d5f970cc33ad63bcccef2fad0f3dd7f2960c94dbf9dcbfd24ef8e._UY500_UX667_RI_TTW_.jpg,Velai Illa Pattathari,2021,2hr 40min,https://drive.google.com/file/d/14lpIOYiumhEZjlJWkbZQNPK3p0gQeKQj/preview,In 1975 in Tamil Nadu India an unlikely filmmaker and a dangerous gangster collaborate to make a Western movie.<br /><br />Cast: Raghavendra Lawrence  S. J. Suryah
popular,https://i.ytimg.com/vi/FUX1T5IYcRk/maxresdefault.jpg,Velai Illa Pattathari,2021,2hr 40min,https://drive.google.com/file/d/14lpIOYiumhEZjlJWkbZQNPK3p0gQeKQj/preview,In 1975 in Tamil Nadu India an unlikely filmmaker and a dangerous gangster collaborate to make a Western movie.<br /><br />Cast: Raghavendra Lawrence  S. J. Suryah
popular,https://m.media-amazon.com/images/S/pv-target-images/059ec6d3e52ee5e84712fc9b779066d8ac0f06ee2c84c2dfa3eb2e164d78bb53.jpg,Velai Illa Pattathari,2021,2hr 40min,https://drive.google.com/file/d/14lpIOYiumhEZjlJWkbZQNPK3p0gQeKQj/preview,In 1975 in Tamil Nadu India an unlikely filmmaker and a dangerous gangster collaborate to make a Western movie.<br /><br />Cast: Raghavendra Lawrence  S. J. Suryah
